sample_name	original_sample_label	sample_label	project_id	initial_health_status	final_health_status	location_id	rootstock_id	sampling_compartment_id	treatment_id	time_since_planting	host_species	scion_cultivar	soil_texture	soil_type	sampling_depth	experimental_setting
			7													
			7													
			7													
			7													
			7													
			7													
			7													
			7													
			7													
			7													
			7													
			7													
			7													
			7													
			7													
			7													
			7													
			7													
			7													
			7													
			7													
			7													
			7													
			7													
			7													
			7													
			7													
			7													
			7													
			7													
			7													
			7													
			7													
			7													
			7													
			7													
			7													
			7													
			7													
			7													
			7													
			7													
			7													
			7													
			7													
			7													
			7													
			7													
			7													
			7													
